title,link,num_threads,num_messages
Reviews - Delaware,/index.php?forums/reviews-delaware.95/,"2,215","6,654"
Reviews - Las Vegas,/index.php?forums/reviews-las-vegas.34/,293,675
Discussion - Las Vegas,/index.php?forums/discussion-las-vegas.35/,80,362
Reviews - Chicago,/index.php?forums/reviews-chicago.10/,175,311
Discussion - Chicago,/index.php?forums/discussion-chicago.11/,25,74
Reviews - Honolulu,/index.php?forums/reviews-honolulu.28/,52,74
Discussion - Honolulu,/index.php?forums/discussion-honolulu.29/,12,69
Reviews - Orlando,/index.php?forums/reviews-orlando.40/,290,470
Discussion - Orlando,/index.php?forums/discussion-orlando.41/,105,357
Reviews - Denver,/index.php?forums/reviews-denver.16/,143,243
Discussion - Denver,/index.php?forums/discussion-denver.17/,45,110
Reviews - Delaware,/index.php?forums/reviews-delaware.95/,"2,215","6,654"
Reviews - Las Vegas,/index.php?forums/reviews-las-vegas.34/,293,675
Discussion - Las Vegas,/index.php?forums/discussion-las-vegas.35/,80,362
Reviews - Chicago,/index.php?forums/reviews-chicago.10/,175,311
Discussion - Chicago,/index.php?forums/discussion-chicago.11/,25,74
Reviews - Honolulu,/index.php?forums/reviews-honolulu.28/,52,74
Discussion - Honolulu,/index.php?forums/discussion-honolulu.29/,12,69
Reviews - Orlando,/index.php?forums/reviews-orlando.40/,290,470
Discussion - Orlando,/index.php?forums/discussion-orlando.41/,105,357
Reviews - Denver,/index.php?forums/reviews-denver.16/,143,243
Discussion - Denver,/index.php?forums/discussion-denver.17/,45,110
Reviews - Delaware,/index.php?forums/reviews-delaware.95/,"2,215","6,654"
Reviews - Las Vegas,/index.php?forums/reviews-las-vegas.34/,293,675
Discussion - Las Vegas,/index.php?forums/discussion-las-vegas.35/,80,362
Reviews - Chicago,/index.php?forums/reviews-chicago.10/,175,311
Discussion - Chicago,/index.php?forums/discussion-chicago.11/,25,74
Reviews - Honolulu,/index.php?forums/reviews-honolulu.28/,52,74
Discussion - Honolulu,/index.php?forums/discussion-honolulu.29/,12,69
Reviews - Orlando,/index.php?forums/reviews-orlando.40/,290,470
Discussion - Orlando,/index.php?forums/discussion-orlando.41/,105,357
Reviews - Denver,/index.php?forums/reviews-denver.16/,143,243
Discussion - Denver,/index.php?forums/discussion-denver.17/,45,110
Reviews - Delaware,/index.php?forums/reviews-delaware.95/,"2,215","6,654"
Reviews - Las Vegas,/index.php?forums/reviews-las-vegas.34/,293,675
Discussion - Las Vegas,/index.php?forums/discussion-las-vegas.35/,80,362
Reviews - Chicago,/index.php?forums/reviews-chicago.10/,175,311
Discussion - Chicago,/index.php?forums/discussion-chicago.11/,25,74
Reviews - Honolulu,/index.php?forums/reviews-honolulu.28/,52,74
Discussion - Honolulu,/index.php?forums/discussion-honolulu.29/,12,69
Reviews - Orlando,/index.php?forums/reviews-orlando.40/,290,470
Discussion - Orlando,/index.php?forums/discussion-orlando.41/,105,357
Reviews - Denver,/index.php?forums/reviews-denver.16/,143,243
Discussion - Denver,/index.php?forums/discussion-denver.17/,45,110
Reviews - Delaware,/index.php?forums/reviews-delaware.95/,"2,215","6,654"
Reviews - Las Vegas,/index.php?forums/reviews-las-vegas.34/,293,675
Discussion - Las Vegas,/index.php?forums/discussion-las-vegas.35/,80,362
Reviews - Chicago,/index.php?forums/reviews-chicago.10/,175,311
Discussion - Chicago,/index.php?forums/discussion-chicago.11/,25,74
Reviews - Honolulu,/index.php?forums/reviews-honolulu.28/,52,74
Discussion - Honolulu,/index.php?forums/discussion-honolulu.29/,12,69
Reviews - Orlando,/index.php?forums/reviews-orlando.40/,290,470
Discussion - Orlando,/index.php?forums/discussion-orlando.41/,105,357
Reviews - Denver,/index.php?forums/reviews-denver.16/,143,243
Discussion - Denver,/index.php?forums/discussion-denver.17/,45,110
Reviews - Delaware,/index.php?forums/reviews-delaware.95/,"2,215","6,654"
Reviews - Las Vegas,/index.php?forums/reviews-las-vegas.34/,293,675
Discussion - Las Vegas,/index.php?forums/discussion-las-vegas.35/,80,362
Reviews - Chicago,/index.php?forums/reviews-chicago.10/,175,311
Discussion - Chicago,/index.php?forums/discussion-chicago.11/,25,74
Reviews - Honolulu,/index.php?forums/reviews-honolulu.28/,52,74
Discussion - Honolulu,/index.php?forums/discussion-honolulu.29/,12,69
Reviews - Orlando,/index.php?forums/reviews-orlando.40/,290,470
Discussion - Orlando,/index.php?forums/discussion-orlando.41/,105,357
Reviews - Denver,/index.php?forums/reviews-denver.16/,143,243
Discussion - Denver,/index.php?forums/discussion-denver.17/,45,110
